category                 ,high_maintenance_prop ,low_maintenance_prop  ,high_maintenance_count ,low_maintenance_count ,z_statistic          ,p_value                ,total_high ,total_low
SDK/API                  , 0.6481126039667306   ,0.4753045404208195    ,                  2026 ,                 2146 ,14.91722937839851    ,0.0                    ,      3126 ,     4515
Quantum Simulation       , 0.09245041586692258  ,0.1946843853820598    ,                   289 ,                  879 ,-12.21010680673922   ,0.0                    ,      3126 ,     4515
Algorithm Implementation , 0.04894433781190019  ,0.08327796234772979   ,                   153 ,                  376 ,-5.812920822621475   ,6.13921025127695e-09   ,      3126 ,     4515
Education/Tutorials      , 0.10556621880998081  ,0.08859357696567      ,                   330 ,                  400 ,2.4815100266612693   ,0.013082702962736947   ,      3126 ,     4515
Circuit Optimization     , 0.017594369801663467 ,0.018826135105204873  ,                    55 ,                   85 ,-0.39473244996556606 ,0.6930403518306532     ,      3126 ,     4515
Compiler/Transpiler      , 0.0345489443378119   ,0.024363233665559248  ,                   108 ,                  110 ,2.629491811393165    ,0.0085512591288468     ,      3126 ,     4515
Quantum Chemistry        , 0.014395393474088292 ,0.04274640088593577   ,                    45 ,                  193 ,-7.014142847417619   ,2.3137047833188262e-12 ,      3126 ,     4515
Quantum Machine Learning , 0.03198976327575176  ,0.06733111849390919   ,                   100 ,                  304 ,-6.7875289401690635  ,1.1407097488813633e-11 ,      3126 ,     4515
Benchmarking Tools       , 0.006397952655150352 ,0.0048726467331118494 ,                    20 ,                   22 ,0.8866506830588811   ,0.37526699765563354    ,      3126 ,     4515
