category,total_repos,high_maintenance_count,low_maintenance_count,high_maintenance_prop,low_maintenance_prop,z_statistic,p_value
SDK/API,4172,2026,2146,0.4856184084372004,0.5143815915627996,-2.6284748066984163,0.008576870829268834
Quantum Simulation,1168,289,879,0.24743150684931506,0.752568493150685,-28.288835893325817,0.0
Algorithm Implementation,529,153,376,0.2892249527410208,0.7107750472589792,-15.120914696443696,0.0
Education/Tutorials,730,330,400,0.4520547945205479,0.547945205479452,-3.6809295598044827,0.00023238520333657142
Circuit Optimization,140,55,85,0.39285714285714285,0.6071428571428571,-3.670958434643057,0.00024164263875370295
Compiler/Transpiler,218,108,110,0.4954128440366973,0.5045871559633027,-0.19157331938538902,0.8480764434326327
Quantum Chemistry,238,45,193,0.18907563025210083,0.8109243697478992,-17.324084153784725,0.0
Quantum Machine Learning,404,100,304,0.24752475247524752,0.7524752475247525,-16.629112075545486,0.0
Benchmarking Tools,42,20,22,0.47619047619047616,0.5238095238095238,-0.43693144875265194,0.6621610637359936
